[

  {
      "subject": "On en a gros !!!",
      "content": null,
      "picture": null,
      "face": "pic0.jpg"
  },
  {
      "subject": null,
      "content": "Le mont Saint-Michel est un îlot rocheux granitique d’environ 960 mètres de circonférence situé à l’est de l’embouchure du fleuve du Couesnon, dans le département de la Manche en Normandie, et dont le nom vient de l'archange saint Michel. Avant l'année 709, il était connu comme le « mont Tombe ». Pendant tout le Moyen Âge, il est couramment appelé « mont Saint-Michel au péril de la mer » (Mons Sancti Michaeli in periculo mari). L'abbaye du Mont-Saint-Michel est située sur le mont, et le mont constitue une petite partie du territoire de la commune du Mont-Saint-Michel. Le mont Saint-Michel baigne dans la baie du Mont-Saint-Michel, ouverte sur la Manche. L’îlot atteint 92 mètres d’altitude et offre une superficie émergée d’environ 7 ha, la partie essentielle du rocher étant couverte par l’emprise au sol de l’abbaye du Mont-Saint-Michel et de son domaine. Cet îlot s’élève dans une grande plaine sablonneuse. L’architecture du Mont-Saint-Michel et sa baie en font le site touristique le plus fréquenté de Normandie1. Le mont Saint-Michel est le troisième site touristique culturela le plus fréquenté de France après la tour Eiffel et le château de Versailles, avec près de 2,3 millions de visiteurs par an2 (3,25 millions en 20063, 2,3 millions en 20144).",
      "picture": "pic1.jpg",
      "face": null
  }

]
