[

  {
      "subject": "On en a gros !!!",
      "content": null,
      "picture": null,
      "face": "pic0.jpg"
  },
  {
      "subject": null,
      "content": "Le mont Saint-Michel est un îlot rocheux granitique d’environ 960 mètres de circonférence situé à l’est de l’embouchure du fleuve du Couesnon, dans le département de la Manche en Normandie, et dont le nom vient de l'archange saint Michel. Avant l'année 709, il était connu comme le « mont Tombe ». Pendant tout le Moyen Âge, il est couramment appelé « mont Saint-Michel au péril de la mer » (Mons Sancti Michaeli in periculo mari). L'abbaye du Mont-Saint-Michel est située sur le mont, et le mont constitue une petite partie du territoire de la commune du Mont-Saint-Michel.",
      "picture": "pic1.jpg",
      "face": null
  }

]
